chromosome	base_pair_location	chromchr	base_pair_location_hg38
20	4672307	chr20	4691661
20	4675155	chr20	4694509
20	4672275	chr20	4691629
20	4680251	chr20	4699605
20	4672816	chr20	4692170
20	4671225	chr20	4690579
20	4684286	chr20	4703640
20	4677369	chr20	4696723
20	4675980	chr20	4695334
20	4675589	chr20	4694943
20	4670510	chr20	4689864
20	4671381	chr20	4690735
20	4668328	chr20	4687682
20	4669534	chr20	4688888
20	4667829	chr20	4687183
20	4667950	chr20	4687304
20	4684661	chr20	4704015
20	4656929	chr20	4676283
20	4633115	chr20	4652469
20	4636274	chr20	4655628
20	4636693	chr20	4656047
20	4644825	chr20	4664179
20	4637168	chr20	4656522
20	4640409	chr20	4659763
20	4688713	chr20	4708067
20	4673034	chr20	4692388
20	4630299	chr20	4649653
20	4686025	chr20	4705379
20	4629586	chr20	4648940
20	4633090	chr20	4652444
20	4633087	chr20	4652441
20	4633122	chr20	4652476
20	4648538	chr20	4667892
20	4685551	chr20	4704905
20	4687126	chr20	4706480
20	4638748	chr20	4658102
20	4625438	chr20	4644792
20	4625741	chr20	4645095
20	4626207	chr20	4645561
20	4686306	chr20	4705660
20	4685707	chr20	4705061
20	4633747	chr20	4653101
20	4643451	chr20	4662805
20	4644498	chr20	4663852
20	4580715	chr20	4600069
20	4644583	chr20	4663937
20	4579798	chr20	4599152
20	4582716	chr20	4602070
20	4645073	chr20	4664427
20	4654585	chr20	4673939
20	4583513	chr20	4602867
20	4644763	chr20	4664117
20	4673023	chr20	4692377
20	4673033	chr20	4692387
20	4672759	chr20	4692113
20	4672379	chr20	4691733
20	4672678	chr20	4692032
20	4642218	chr20	4661572
20	4672714	chr20	4692068
20	4650603	chr20	4669957
20	4775127	chr20	4794481
20	4694703	chr20	4714057
20	4641279	chr20	4660633
20	4661410	chr20	4680764
20	4662313	chr20	4681667
20	4626382	chr20	4645736
20	4626261	chr20	4645615
20	4909220	chr20	4928574
20	4935096	chr20	4954450
20	4906843	chr20	4926197
20	4908569	chr20	4927923
20	4624725	chr20	4644079
20	4624176	chr20	4643530
20	4622649	chr20	4642003
20	4625108	chr20	4644462
20	4625139	chr20	4644493
20	4625001	chr20	4644355
20	4625296	chr20	4644650
20	4906616	chr20	4925970
20	4634737	chr20	4654091
20	4634612	chr20	4653966
20	4916369	chr20	4935723
20	4913708	chr20	4933062
20	4632985	chr20	4652339
20	4625537	chr20	4644891
20	4625558	chr20	4644912
20	4626537	chr20	4645891
20	4626518	chr20	4645872
20	4626704	chr20	4646058
20	4621306	chr20	4640660
20	4649445	chr20	4668799
20	4648444	chr20	4667798
20	4637751	chr20	4657105
20	4624373	chr20	4643727
20	4906679	chr20	4926033
20	4623242	chr20	4642596
20	4914720	chr20	4934074
20	4622540	chr20	4641894
20	4771336	chr20	4790690
20	4623686	chr20	4643040
20	4895761	chr20	4915115
20	4895803	chr20	4915157
20	4906841	chr20	4926195
20	4906003	chr20	4925357
20	4623563	chr20	4642917
20	4894220	chr20	4913574
20	4845953	chr20	4865307
20	4905610	chr20	4924964
20	4769795	chr20	4789149
20	4903042	chr20	4922396
20	4916496	chr20	4935850
20	4643293	chr20	4662647
20	4915298	chr20	4934652
20	4622756	chr20	4642110
20	4622544	chr20	4641898
20	4767346	chr20	4786700
20	4622734	chr20	4642088
20	4644368	chr20	4663722
20	4887934	chr20	4907288
20	4642411	chr20	4661765
20	4911357	chr20	4930711
20	4642589	chr20	4661943
20	4661135	chr20	4680489
20	4642536	chr20	4661890
20	4641163	chr20	4660517
20	4654169	chr20	4673523
20	4917363	chr20	4936717
20	4659431	chr20	4678785
20	4637712	chr20	4657066
20	4882222	chr20	4901576
20	4661525	chr20	4680879
20	4640900	chr20	4660254
20	4930605	chr20	4949959
20	4591980	chr20	4611334
20	4890675	chr20	4910029
20	4909133	chr20	4928487
20	4915073	chr20	4934427
20	4639673	chr20	4659027
20	4579758	chr20	4599112
20	4625760	chr20	4645114
20	4590095	chr20	4609449
20	4596392	chr20	4615746
20	4766569	chr20	4785923
20	4762869	chr20	4782223
20	4835868	chr20	4855222
20	4751293	chr20	4770647
20	4751336	chr20	4770690
20	4663498	chr20	4682852
20	4639156	chr20	4658510
20	4747284	chr20	4766638
20	4746004	chr20	4765358
20	4891536	chr20	4910890
20	4747080	chr20	4766434
20	4714227	chr20	4733581
20	4748318	chr20	4767672
20	4752008	chr20	4771362
20	4638552	chr20	4657906
20	4749743	chr20	4769097
20	4711767	chr20	4731121
20	4754543	chr20	4773897
20	4754357	chr20	4773711
20	4635366	chr20	4654720
20	4635221	chr20	4654575
20	4641650	chr20	4661004
20	4666109	chr20	4685463
20	4547571	chr20	4566925
20	4754794	chr20	4774148
20	4582025	chr20	4601379
20	4583833	chr20	4603187
20	4659452	chr20	4678806
20	4580703	chr20	4600057
20	4546419	chr20	4565773
20	4548415	chr20	4567769
20	4551867	chr20	4571221
20	4631476	chr20	4650830
20	4552412	chr20	4571766
20	4582997	chr20	4602351
20	4859144	chr20	4878498
20	4642180	chr20	4661534
20	4746960	chr20	4766314
20	4578484	chr20	4597838
20	4546667	chr20	4566021
20	4546579	chr20	4565933
20	4756691	chr20	4776045
20	4577574	chr20	4596928
20	4864515	chr20	4883869
20	4576744	chr20	4596098
20	4532048	chr20	4551402
20	4583223	chr20	4602577
20	4701706	chr20	4721060
20	4628458	chr20	4647812
20	4578080	chr20	4597434
20	4545245	chr20	4564599
20	4742527	chr20	4761881
20	4741960	chr20	4761314
20	4861234	chr20	4880588
20	4619919	chr20	4639273
20	4742705	chr20	4762059
20	4530400	chr20	4549754
20	4627047	chr20	4646401
20	4532804	chr20	4552158
20	4554250	chr20	4573604
20	4742937	chr20	4762291
20	4532263	chr20	4551617
20	4532711	chr20	4552065
20	4626630	chr20	4645984
20	4547424	chr20	4566778
20	4746140	chr20	4765494
20	4743033	chr20	4762387
20	4853931	chr20	4873285
20	4577775	chr20	4597129
20	4536623	chr20	4555977
20	4742080	chr20	4761434
20	4853667	chr20	4873021
20	4751940	chr20	4771294
20	4743561	chr20	4762915
20	4534870	chr20	4554224
20	4741786	chr20	4761140
20	4753806	chr20	4773160
20	4753505	chr20	4772859
20	4533316	chr20	4552670
20	4535943	chr20	4555297
20	4752021	chr20	4771375
20	4535572	chr20	4554926
20	4619461	chr20	4638815
20	4576069	chr20	4595423
20	4753695	chr20	4773049
20	4861454	chr20	4880808
20	4909158	chr20	4928512
20	4657330	chr20	4676684
20	4862483	chr20	4881837
20	4548438	chr20	4567792
20	4537470	chr20	4556824
20	4754187	chr20	4773541
20	4573524	chr20	4592878
20	4743859	chr20	4763213
20	4719449	chr20	4738803
20	4863000	chr20	4882354
20	4548236	chr20	4567590
20	4548315	chr20	4567669
20	4548118	chr20	4567472
20	4524549	chr20	4543903
20	4527297	chr20	4546651
20	4595503	chr20	4614857
20	4695812	chr20	4715166
20	4743955	chr20	4763309
20	4911178	chr20	4930532
20	4525048	chr20	4544402
20	4524765	chr20	4544119
20	4580958	chr20	4600312
20	4927886	chr20	4947240
20	4896214	chr20	4915568
20	4528936	chr20	4548290
20	4529003	chr20	4548357
20	4863943	chr20	4883297
20	4864419	chr20	4883773
20	4530446	chr20	4549800
20	4893045	chr20	4912399
20	4537116	chr20	4556470
20	4741570	chr20	4760924
20	4527971	chr20	4547325
20	4899088	chr20	4918442
20	4741654	chr20	4761008
20	4899842	chr20	4919196
20	4524683	chr20	4544037
20	4744269	chr20	4763623
20	4657302	chr20	4676656
20	4639380	chr20	4658734
20	4694559	chr20	4713913
20	4694208	chr20	4713562
20	4640161	chr20	4659515
20	4745464	chr20	4764818
20	4696978	chr20	4716332
20	4745609	chr20	4764963
20	4520610	chr20	4539964
20	4693702	chr20	4713056
20	4771872	chr20	4791226
20	4854682	chr20	4874036
20	4740170	chr20	4759524
20	4619028	chr20	4638382
20	4709517	chr20	4728871
20	4838270	chr20	4857624
20	4701211	chr20	4720565
20	4753107	chr20	4772461
20	4693339	chr20	4712693
20	4731547	chr20	4750901
20	4694107	chr20	4713461
20	4890548	chr20	4909902
20	4867912	chr20	4887266
20	4890500	chr20	4909854
20	4530735	chr20	4550089
20	4699419	chr20	4718773
20	4733369	chr20	4752723
20	4901872	chr20	4921226
20	4746147	chr20	4765501
20	4855759	chr20	4875113
20	4544779	chr20	4564133
20	4756141	chr20	4775495
20	4734753	chr20	4754107
20	4776083	chr20	4795437
20	4550925	chr20	4570279
20	4756050	chr20	4775404
20	4769834	chr20	4789188
20	4740775	chr20	4760129
20	4856192	chr20	4875546
20	4573513	chr20	4592867
20	4870987	chr20	4890341
20	4720146	chr20	4739500
20	4719493	chr20	4738847
20	4719407	chr20	4738761
20	4519644	chr20	4538998
20	4719176	chr20	4738530
20	4519025	chr20	4538379
20	4709490	chr20	4728844
20	4719344	chr20	4738698
20	4728491	chr20	4747845
20	4720316	chr20	4739670
20	4518594	chr20	4537948
20	4606374	chr20	4625728
20	4900964	chr20	4920318
20	4517800	chr20	4537154
20	4720830	chr20	4740184
20	4720667	chr20	4740021
20	4720750	chr20	4740104
20	4720988	chr20	4740342
20	4869533	chr20	4888887
20	4737099	chr20	4756453
20	4719781	chr20	4739135
20	4910589	chr20	4929943
20	4737105	chr20	4756459
20	4692833	chr20	4712187
20	4721148	chr20	4740502
20	4926855	chr20	4946209
20	4822556	chr20	4841910
20	4718535	chr20	4737889
20	4587766	chr20	4607120
20	4587153	chr20	4606507
20	4720035	chr20	4739389
20	4587164	chr20	4606518
20	4776659	chr20	4796013
20	4765945	chr20	4785299
20	4609501	chr20	4628855
20	4763438	chr20	4782792
20	4693113	chr20	4712467
20	4757542	chr20	4776896
20	4763864	chr20	4783218
20	4741638	chr20	4760992
20	4763904	chr20	4783258
20	4871964	chr20	4891318
20	4759413	chr20	4778767
20	4872456	chr20	4891810
20	4841752	chr20	4861106
20	4843370	chr20	4862724
20	4771670	chr20	4791024
20	4585239	chr20	4604593
20	4552760	chr20	4572114
20	4552239	chr20	4571593
20	4764629	chr20	4783983
20	4718416	chr20	4737770
20	4920333	chr20	4939687
20	4921530	chr20	4940884
20	4862479	chr20	4881833
20	4871605	chr20	4890959
20	4755618	chr20	4774972
20	4721926	chr20	4741280
20	4870520	chr20	4889874
20	4723157	chr20	4742511
20	4698626	chr20	4717980
20	4722185	chr20	4741539
20	4925577	chr20	4944931
20	4723691	chr20	4743045
20	4697882	chr20	4717236
20	4587473	chr20	4606827
20	4724313	chr20	4743667
20	4934502	chr20	4953856
20	4866586	chr20	4885940
20	4923286	chr20	4942640
20	4856160	chr20	4875514
20	4780568	chr20	4799922
20	4609713	chr20	4629067
20	4620804	chr20	4640158
20	4698332	chr20	4717686
20	4932698	chr20	4952052
20	4765034	chr20	4784388
20	4765210	chr20	4784564
20	4586044	chr20	4605398
20	4547605	chr20	4566959
20	4576230	chr20	4595584
20	4721522	chr20	4740876
20	4765309	chr20	4784663
20	4934540	chr20	4953894
20	4609483	chr20	4628837
20	4785405	chr20	4804759
20	4725742	chr20	4745096
20	4698917	chr20	4718271
20	4785272	chr20	4804626
20	4692201	chr20	4711555
20	4931116	chr20	4950470
20	4927354	chr20	4946708
20	4725086	chr20	4744440
20	4699276	chr20	4718630
20	4821622	chr20	4840976
20	4785315	chr20	4804669
20	4723988	chr20	4743342
20	4697951	chr20	4717305
20	4722948	chr20	4742302
20	4734374	chr20	4753728
20	4716115	chr20	4735469
20	4698829	chr20	4718183
20	4532154	chr20	4551508
20	4532161	chr20	4551515
20	4712711	chr20	4732065
20	4739261	chr20	4758615
20	4933888	chr20	4953242
20	4725662	chr20	4745016
20	4726116	chr20	4745470
20	4710445	chr20	4729799
20	4726510	chr20	4745864
20	4785346	chr20	4804700
20	4657017	chr20	4676371
20	4781198	chr20	4800552
20	4515332	chr20	4534686
20	4868309	chr20	4887663
20	4529879	chr20	4549233
20	4728248	chr20	4747602
20	4696320	chr20	4715674
20	4763084	chr20	4782438
20	4700486	chr20	4719840
20	4696202	chr20	4715556
20	4781984	chr20	4801338
20	4713851	chr20	4733205
20	4722194	chr20	4741548
20	4512515	chr20	4531869
20	4785911	chr20	4805265
20	4655816	chr20	4675170
20	4550090	chr20	4569444
20	4898896	chr20	4918250
20	4524771	chr20	4544125
20	4535236	chr20	4554590
20	4870044	chr20	4889398
20	4549843	chr20	4569197
20	4700751	chr20	4720105
20	4700552	chr20	4719906
20	4611675	chr20	4631029
20	4699235	chr20	4718589
20	4541425	chr20	4560779
20	4696310	chr20	4715664
20	4785359	chr20	4804713
20	4870393	chr20	4889747
20	4743041	chr20	4762395
20	4743133	chr20	4762487
20	4931592	chr20	4950946
20	4537952	chr20	4557306
20	4867140	chr20	4886494
20	4804108	chr20	4823462
20	4529568	chr20	4548922
20	4738474	chr20	4757828
20	4700613	chr20	4719967
20	4643708	chr20	4663062
20	4856089	chr20	4875443
20	4783820	chr20	4803174
20	4727896	chr20	4747250
20	4766456	chr20	4785810
20	4696395	chr20	4715749
20	4742282	chr20	4761636
20	4739356	chr20	4758710
20	4738847	chr20	4758201
20	4740623	chr20	4759977
20	4736795	chr20	4756149
20	4766393	chr20	4785747
20	4725377	chr20	4744731
20	4731359	chr20	4750713
20	4507064	chr20	4526418
20	4696000	chr20	4715354
20	4870997	chr20	4890351
20	4696742	chr20	4716096
20	4695571	chr20	4714925
20	4695053	chr20	4714407
20	4694994	chr20	4714348
20	4832476	chr20	4851830
20	4695110	chr20	4714464
20	4695249	chr20	4714603
20	4738740	chr20	4758094
20	4710996	chr20	4730350
20	4846619	chr20	4865973
20	4614486	chr20	4633840
20	4701076	chr20	4720430
20	4738753	chr20	4758107
20	4655602	chr20	4674956
20	4857357	chr20	4876711
20	4621523	chr20	4640877
20	4700983	chr20	4720337
20	4562694	chr20	4582048
20	4694312	chr20	4713666
20	4661143	chr20	4680497
20	4697645	chr20	4716999
20	4655459	chr20	4674813
20	4544169	chr20	4563523
20	4697802	chr20	4717156
20	4700758	chr20	4720112
20	4785866	chr20	4805220
20	4644408	chr20	4663762
20	4738379	chr20	4757733
20	4733135	chr20	4752489
20	4694063	chr20	4713417
20	4607988	chr20	4627342
20	4738275	chr20	4757629
20	4737768	chr20	4757122
20	4737751	chr20	4757105
20	4738110	chr20	4757464
20	4735900	chr20	4755254
20	4736098	chr20	4755452
20	4533186	chr20	4552540
20	4879297	chr20	4898651
20	4735960	chr20	4755314
20	4737543	chr20	4756897
20	4737371	chr20	4756725
20	4555282	chr20	4574636
20	4727135	chr20	4746489
20	4887784	chr20	4907138
20	4735345	chr20	4754699
20	4736411	chr20	4755765
20	4611729	chr20	4631083
20	4832555	chr20	4851909
20	4740106	chr20	4759460
20	4736277	chr20	4755631
20	4763108	chr20	4782462
20	4735160	chr20	4754514
20	4720540	chr20	4739894
20	4611757	chr20	4631111
20	4616997	chr20	4636351
20	4696953	chr20	4716307
20	4735302	chr20	4754656
20	4696830	chr20	4716184
20	4715699	chr20	4735053
20	4568457	chr20	4587811
20	4878981	chr20	4898335
20	4864570	chr20	4883924
20	4879837	chr20	4899191
20	4887198	chr20	4906552
20	4727136	chr20	4746490
20	4727500	chr20	4746854
20	4700135	chr20	4719489
20	4709743	chr20	4729097
20	4694388	chr20	4713742
20	4630365	chr20	4649719
20	4744182	chr20	4763536
20	4644847	chr20	4664201
20	4699348	chr20	4718702
20	4542566	chr20	4561920
20	4506988	chr20	4526342
20	4566415	chr20	4585769
20	4536021	chr20	4555375
20	4744158	chr20	4763512
20	4535588	chr20	4554942
20	4742520	chr20	4761874
20	4534713	chr20	4554067
20	4527790	chr20	4547144
20	4545501	chr20	4564855
20	4742596	chr20	4761950
20	4632579	chr20	4651933
20	4574178	chr20	4593532
20	4698831	chr20	4718185
20	4567371	chr20	4586725
20	4886490	chr20	4905844
20	4657459	chr20	4676813
20	4772178	chr20	4791532
20	4549029	chr20	4568383
20	4549047	chr20	4568401
20	4573880	chr20	4593234
20	4691510	chr20	4710864
20	4566316	chr20	4585670
20	4860658	chr20	4880012
20	4613146	chr20	4632500
20	4830518	chr20	4849872
20	4794228	chr20	4813582
20	4572450	chr20	4591804
20	4957700	chr20	4977054
20	4982605	chr20	5001959
20	4659375	chr20	4678729
20	4716479	chr20	4735833
20	4609471	chr20	4628825
20	4614632	chr20	4633986
20	4570173	chr20	4589527
20	4637335	chr20	4656689
20	4731142	chr20	4750496
20	4731109	chr20	4750463
20	4731834	chr20	4751188
20	4570563	chr20	4589917
20	4757759	chr20	4777113
20	4659374	chr20	4678728
20	4687747	chr20	4707101
20	4694701	chr20	4714055
20	4694584	chr20	4713938
20	4789930	chr20	4809284
20	4830412	chr20	4849766
20	4639966	chr20	4659320
20	4961229	chr20	4980583
20	4737266	chr20	4756620
20	4709986	chr20	4729340
20	4727427	chr20	4746781
20	4855678	chr20	4875032
20	4731377	chr20	4750731
20	4795703	chr20	4815057
20	4523001	chr20	4542355
20	4514571	chr20	4533925
20	4782034	chr20	4801388
20	4514394	chr20	4533748
20	4883803	chr20	4903157
20	4571361	chr20	4590715
20	4737260	chr20	4756614
20	4512955	chr20	4532309
20	4782083	chr20	4801437
20	4707066	chr20	4726420
20	4696943	chr20	4716297
20	4656845	chr20	4676199
20	4564715	chr20	4584069
20	4793810	chr20	4813164
20	4730877	chr20	4750231
20	4690968	chr20	4710322
20	4737293	chr20	4756647
20	4782100	chr20	4801454
20	4559991	chr20	4579345
20	4565411	chr20	4584765
20	4798293	chr20	4817647
20	4689546	chr20	4708900
20	4608365	chr20	4627719
20	4655999	chr20	4675353
20	4690665	chr20	4710019
20	4848796	chr20	4868150
20	4504783	chr20	4524137
20	4790149	chr20	4809503
20	4687878	chr20	4707232
20	4717456	chr20	4736810
20	4651483	chr20	4670837
20	4563406	chr20	4582760
20	4565965	chr20	4585319
20	4521289	chr20	4540643
20	4619992	chr20	4639346
20	4586346	chr20	4605700
20	4568757	chr20	4588111
20	4786080	chr20	4805434
20	4564646	chr20	4584000
20	4920869	chr20	4940223
20	4797840	chr20	4817194
20	4555399	chr20	4574753
20	4651392	chr20	4670746
20	4549782	chr20	4569136
20	4744291	chr20	4763645
20	4638611	chr20	4657965
20	4566688	chr20	4586042
20	4549734	chr20	4569088
20	4615185	chr20	4634539
20	4687872	chr20	4707226
20	4547163	chr20	4566517
20	4522535	chr20	4541889
20	4572896	chr20	4592250
20	4549864	chr20	4569218
20	4689474	chr20	4708828
20	4571262	chr20	4590616
20	4855880	chr20	4875234
20	4549125	chr20	4568479
20	4549084	chr20	4568438
20	4689412	chr20	4708766
20	4796630	chr20	4815984
20	4620810	chr20	4640164
20	4759039	chr20	4778393
20	4513726	chr20	4533080
20	4502057	chr20	4521411
20	4874296	chr20	4893650
20	4773597	chr20	4792951
20	4702964	chr20	4722318
20	4550459	chr20	4569813
20	4506118	chr20	4525472
20	4684718	chr20	4704072
20	4791314	chr20	4810668
20	4615818	chr20	4635172
20	4573181	chr20	4592535
20	4659887	chr20	4679241
20	4688357	chr20	4707711
20	4755327	chr20	4774681
20	4866014	chr20	4885368
20	4506326	chr20	4525680
20	4690404	chr20	4709758
20	4791677	chr20	4811031
20	4504100	chr20	4523454
20	4688759	chr20	4708113
20	4783953	chr20	4803307
20	4791297	chr20	4810651
20	4791357	chr20	4810711
20	4791360	chr20	4810714
20	4790868	chr20	4810222
20	4791074	chr20	4810428
20	4805501	chr20	4824855
20	4791190	chr20	4810544
20	4588742	chr20	4608096
20	4790821	chr20	4810175
20	4557592	chr20	4576946
20	4791126	chr20	4810480
20	4784562	chr20	4803916
20	4791238	chr20	4810592
20	4664172	chr20	4683526
20	4803440	chr20	4822794
20	4517076	chr20	4536430
20	4791420	chr20	4810774
20	4790836	chr20	4810190
20	4841889	chr20	4861243
20	4805354	chr20	4824708
20	4521342	chr20	4540696
20	4703957	chr20	4723311
20	4588262	chr20	4607616
20	4516053	chr20	4535407
20	4517010	chr20	4536364
20	4749701	chr20	4769055
20	4516796	chr20	4536150
20	4791447	chr20	4810801
20	4516230	chr20	4535584
20	4837159	chr20	4856513
20	4792188	chr20	4811542
20	4986628	chr20	5005982
20	4792559	chr20	4811913
20	4869790	chr20	4889144
20	4518744	chr20	4538098
20	4883553	chr20	4902907
20	4572694	chr20	4592048
20	4518662	chr20	4538016
20	4792416	chr20	4811770
20	4791943	chr20	4811297
20	4519079	chr20	4538433
20	4791999	chr20	4811353
20	4847201	chr20	4866555
20	4504187	chr20	4523541
20	4725883	chr20	4745237
20	4624247	chr20	4643601
20	4878673	chr20	4898027
20	4793511	chr20	4812865
20	4870770	chr20	4890124
20	4518309	chr20	4537663
20	4870126	chr20	4889480
20	4725488	chr20	4744842
20	4741723	chr20	4761077
20	4692635	chr20	4711989
20	4741710	chr20	4761064
20	4570362	chr20	4589716
20	4800037	chr20	4819391
20	4799322	chr20	4818676
20	4570778	chr20	4590132
20	4708318	chr20	4727672
20	4726338	chr20	4745692
20	4818940	chr20	4838294
20	4569768	chr20	4589122
20	4763093	chr20	4782447
20	4724848	chr20	4744202
20	4617004	chr20	4636358
20	4975023	chr20	4994377
20	4729789	chr20	4749143
20	4838525	chr20	4857879
20	4526387	chr20	4545741
20	4791822	chr20	4811176
20	4722395	chr20	4741749
20	4876461	chr20	4895815
20	4727884	chr20	4747238
20	4840270	chr20	4859624
20	4805281	chr20	4824635
20	4664905	chr20	4684259
20	4560660	chr20	4580014
20	4571193	chr20	4590547
20	4510810	chr20	4530164
20	4727790	chr20	4747144
20	4570999	chr20	4590353
20	4728282	chr20	4747636
20	4728291	chr20	4747645
20	4970721	chr20	4990075
20	4660654	chr20	4680008
20	4732440	chr20	4751794
20	4732478	chr20	4751832
20	4567620	chr20	4586974
20	4513860	chr20	4533214
20	4725368	chr20	4744722
20	4726115	chr20	4745469
20	4887900	chr20	4907254
20	4725306	chr20	4744660
20	4793678	chr20	4813032
20	4559705	chr20	4579059
20	4992534	chr20	5011888
20	4566643	chr20	4585997
20	4812204	chr20	4831558
20	4993956	chr20	5013310
20	4986033	chr20	5005387
20	4729577	chr20	4748931
20	4626101	chr20	4645455
20	4729558	chr20	4748912
20	4537241	chr20	4556595
20	4611746	chr20	4631100
20	4757364	chr20	4776718
20	4731781	chr20	4751135
20	4513311	chr20	4532665
20	4565963	chr20	4585317
20	4625828	chr20	4645182
20	4758957	chr20	4778311
20	4565772	chr20	4585126
20	4560807	chr20	4580161
20	4729692	chr20	4749046
20	4733480	chr20	4752834
20	4980405	chr20	4999759
20	4625580	chr20	4644934
20	4872886	chr20	4892240
20	4730410	chr20	4749764
20	4565198	chr20	4584552
20	4567291	chr20	4586645
20	4730451	chr20	4749805
20	4731389	chr20	4750743
20	4749289	chr20	4768643
20	4762577	chr20	4781931
20	4730559	chr20	4749913
20	4730715	chr20	4750069
20	4797409	chr20	4816763
20	4569648	chr20	4589002
20	4795725	chr20	4815079
20	4731591	chr20	4750945
20	4733538	chr20	4752892
20	4741304	chr20	4760658
20	4703492	chr20	4722846
20	4678960	chr20	4698314
20	4569414	chr20	4588768
20	4545867	chr20	4565221
20	4733307	chr20	4752661
20	4994115	chr20	5013469
20	4968002	chr20	4987356
20	4546241	chr20	4565595
20	4732958	chr20	4752312
20	4513937	chr20	4533291
20	4540574	chr20	4559928
20	4665964	chr20	4685318
20	4874801	chr20	4894155
20	4809090	chr20	4828444
20	4982748	chr20	5002102
20	4624558	chr20	4643912
20	4982772	chr20	5002126
20	4625277	chr20	4644631
20	4734585	chr20	4753939
20	4797284	chr20	4816638
20	4729622	chr20	4748976
20	4734777	chr20	4754131
20	4789086	chr20	4808440
20	4796070	chr20	4815424
20	4731248	chr20	4750602
20	4790443	chr20	4809797
20	4614279	chr20	4633633
20	4983084	chr20	5002438
20	4943281	chr20	4962635
20	4837321	chr20	4856675
20	4624932	chr20	4644286
20	4819645	chr20	4838999
20	4624648	chr20	4644002
20	4587263	chr20	4606617
20	4770440	chr20	4789794
20	4736178	chr20	4755532
20	4577358	chr20	4596712
20	4740416	chr20	4759770
20	4884978	chr20	4904332
20	4735507	chr20	4754861
20	4735080	chr20	4754434
20	4514103	chr20	4533457
20	4513981	chr20	4533335
20	4736107	chr20	4755461
20	4736013	chr20	4755367
20	4944426	chr20	4963780
20	4837063	chr20	4856417
20	4621532	chr20	4640886
20	4885829	chr20	4905183
20	4549541	chr20	4568895
20	4742399	chr20	4761753
20	4983822	chr20	5003176
20	4692379	chr20	4711733
20	4973886	chr20	4993240
20	4582209	chr20	4601563
20	4608341	chr20	4627695
20	4809010	chr20	4828364
20	4778895	chr20	4798249
20	4586382	chr20	4605736
20	4778754	chr20	4798108
20	4944271	chr20	4963625
20	4626845	chr20	4646199
20	4715061	chr20	4734415
20	4789283	chr20	4808637
20	4738589	chr20	4757943
20	4918661	chr20	4938015
20	4843892	chr20	4863246
20	4757797	chr20	4777151
20	4779194	chr20	4798548
20	4761725	chr20	4781079
20	4777628	chr20	4796982
20	4777548	chr20	4796902
20	4580062	chr20	4599416
20	4591565	chr20	4610919
20	4640974	chr20	4660328
20	4753731	chr20	4773085
20	4778370	chr20	4797724
20	4757485	chr20	4776839
20	4513979	chr20	4533333
20	4780947	chr20	4800301
20	4640874	chr20	4660228
20	4779120	chr20	4798474
20	4749032	chr20	4768386
20	4779068	chr20	4798422
20	4614670	chr20	4634024
20	4713176	chr20	4732530
20	4787232	chr20	4806586
20	4750778	chr20	4770132
20	4795626	chr20	4814980
20	4682507	chr20	4701861
20	4833623	chr20	4852977
20	4847010	chr20	4866364
20	4893490	chr20	4912844
20	4723262	chr20	4742616
20	4517045	chr20	4536399
20	4611983	chr20	4631337
20	4885793	chr20	4905147
20	4718398	chr20	4737752
20	4691114	chr20	4710468
20	4794243	chr20	4813597
20	4895480	chr20	4914834
20	4894304	chr20	4913658
20	4893039	chr20	4912393
20	4894561	chr20	4913915
20	4894882	chr20	4914236
20	4786493	chr20	4805847
20	4812970	chr20	4832324
20	4717816	chr20	4737170
20	4649276	chr20	4668630
20	4842871	chr20	4862225
20	4585392	chr20	4604746
20	4844291	chr20	4863645
20	4808375	chr20	4827729
20	4636334	chr20	4655688
20	4843887	chr20	4863241
20	4718104	chr20	4737458
20	4992397	chr20	5011751
20	4718061	chr20	4737415
20	4653760	chr20	4673114
20	4897986	chr20	4917340
20	4818916	chr20	4838270
20	4757904	chr20	4777258
20	4840591	chr20	4859945
20	4776789	chr20	4796143
20	4891759	chr20	4911113
20	4755322	chr20	4774676
20	4695513	chr20	4714867
20	4647512	chr20	4666866
20	4776998	chr20	4796352
20	4759396	chr20	4778750
20	4748337	chr20	4767691
20	4756391	chr20	4775745
20	4776952	chr20	4796306
20	4514960	chr20	4534314
20	4615596	chr20	4634950
20	4759635	chr20	4778989
20	4717769	chr20	4737123
20	4526506	chr20	4545860
20	4786639	chr20	4805993
20	4653903	chr20	4673257
20	4875680	chr20	4895034
20	4948248	chr20	4967602
20	4584069	chr20	4603423
20	4724693	chr20	4744047
20	4721871	chr20	4741225
20	4721910	chr20	4741264
20	4819529	chr20	4838883
20	4583775	chr20	4603129
20	4724223	chr20	4743577
20	4786710	chr20	4806064
20	4724219	chr20	4743573
20	4722400	chr20	4741754
20	4740642	chr20	4759996
20	4722225	chr20	4741579
20	4896888	chr20	4916242
20	4722641	chr20	4741995
20	4723701	chr20	4743055
20	4722964	chr20	4742318
20	4679836	chr20	4699190
20	4722646	chr20	4742000
20	4722741	chr20	4742095
20	4758950	chr20	4778304
20	4722761	chr20	4742115
20	4722770	chr20	4742124
20	4761049	chr20	4780403
20	4724011	chr20	4743365
20	4766197	chr20	4785551
20	4893239	chr20	4912593
20	4819101	chr20	4838455
20	4680217	chr20	4699571
20	4563415	chr20	4582769
20	4707861	chr20	4727215
20	4798628	chr20	4817982
20	4875554	chr20	4894908
20	4529932	chr20	4549286
20	4797568	chr20	4816922
20	4682991	chr20	4702345
20	4728813	chr20	4748167
20	4705718	chr20	4725072
20	4847546	chr20	4866900
20	4847551	chr20	4866905
20	4614201	chr20	4633555
20	4715947	chr20	4735301
20	4773332	chr20	4792686
20	4697611	chr20	4716965
20	4715788	chr20	4735142
20	4764003	chr20	4783357
20	4853544	chr20	4872898
20	4638088	chr20	4657442
20	4847566	chr20	4866920
20	4799805	chr20	4819159
20	4997777	chr20	5017131
20	4613134	chr20	4632488
20	4998974	chr20	5018328
20	4697254	chr20	4716608
20	4524007	chr20	4543361
20	4697500	chr20	4716854
20	4631846	chr20	4651200
20	4728075	chr20	4747429
20	4613113	chr20	4632467
20	4998161	chr20	5017515
20	4774685	chr20	4794039
20	4697474	chr20	4716828
20	4976403	chr20	4995757
20	4572678	chr20	4592032
20	4697354	chr20	4716708
20	4968220	chr20	4987574
20	4557877	chr20	4577231
20	4736366	chr20	4755720
20	4847211	chr20	4866565
20	4653851	chr20	4673205
20	4697421	chr20	4716775
20	4730670	chr20	4750024
20	4796856	chr20	4816210
20	4780749	chr20	4800103
20	4967355	chr20	4986709
20	4758331	chr20	4777685
20	4707388	chr20	4726742
20	4998144	chr20	5017498
20	4967199	chr20	4986553
20	4717262	chr20	4736616
20	4800521	chr20	4819875
20	4711015	chr20	4730369
20	4533821	chr20	4553175
20	4717018	chr20	4736372
20	4905262	chr20	4924616
20	4707112	chr20	4726466
20	4681310	chr20	4700664
20	4522943	chr20	4542297
20	4769183	chr20	4788537
20	4735045	chr20	4754399
20	4716871	chr20	4736225
20	4969110	chr20	4988464
20	4652982	chr20	4672336
20	4623598	chr20	4642952
20	4952923	chr20	4972277
20	4674101	chr20	4693455
20	4717000	chr20	4736354
20	4732176	chr20	4751530
20	4512414	chr20	4531768
20	4764682	chr20	4784036
20	4503605	chr20	4522959
20	4733951	chr20	4753305
20	4573853	chr20	4593207
20	4995382	chr20	5014736
20	4905666	chr20	4925020
20	4795152	chr20	4814506
20	4717091	chr20	4736445
20	4717119	chr20	4736473
20	4529616	chr20	4548970
20	4947430	chr20	4966784
20	4777349	chr20	4796703
20	4795127	chr20	4814481
20	4728738	chr20	4748092
20	4953680	chr20	4973034
20	4834338	chr20	4853692
20	4808719	chr20	4828073
20	4652694	chr20	4672048
20	4777593	chr20	4796947
20	4952586	chr20	4971940
20	4876430	chr20	4895784
20	4501411	chr20	4520765
20	4779569	chr20	4798923
20	4787019	chr20	4806373
20	4997823	chr20	5017177
20	4997925	chr20	5017279
20	4533332	chr20	4552686
20	4994709	chr20	5014063
20	4500275	chr20	4519628
20	4998664	chr20	5018018
20	4995392	chr20	5014746
20	4995904	chr20	5015258
20	4652735	chr20	4672089
20	4946471	chr20	4965825
20	4764576	chr20	4783930
20	4746704	chr20	4766058
20	4768183	chr20	4787537
20	4771973	chr20	4791327
20	4901346	chr20	4920700
20	4953288	chr20	4972642
20	4843470	chr20	4862824
20	4744734	chr20	4764088
20	4771738	chr20	4791092
20	4952773	chr20	4972127
20	4568483	chr20	4587837
20	4547839	chr20	4567193
20	4767625	chr20	4786979
20	4508090	chr20	4527444
20	4777740	chr20	4797094
20	4996906	chr20	5016260
20	4997075	chr20	5016429
20	4771575	chr20	4790929
20	4997215	chr20	5016569
20	4792435	chr20	4811789
20	4997296	chr20	5016650
20	4787114	chr20	4806468
20	4763818	chr20	4783172
20	4553644	chr20	4572998
20	4570274	chr20	4589628
20	4850548	chr20	4869902
20	4795899	chr20	4815253
20	4745634	chr20	4764988
20	4881960	chr20	4901314
20	4745071	chr20	4764425
20	4763155	chr20	4782509
20	4767480	chr20	4786834
20	4769177	chr20	4788531
20	4851842	chr20	4871196
20	4627881	chr20	4647235
20	4844197	chr20	4863551
20	4835338	chr20	4854692
20	4767620	chr20	4786974
20	4744635	chr20	4763989
20	4764748	chr20	4784102
20	4856744	chr20	4876098
20	4799268	chr20	4818622
20	4912279	chr20	4931633
20	4912308	chr20	4931662
20	4570342	chr20	4589696
20	4856363	chr20	4875717
20	4745854	chr20	4765208
20	4509238	chr20	4528592
20	4873965	chr20	4893319
20	4851970	chr20	4871324
20	4623738	chr20	4643092
20	4765486	chr20	4784840
20	4835415	chr20	4854769
20	4914872	chr20	4934226
20	4787724	chr20	4807078
20	4970113	chr20	4989467
20	4779774	chr20	4799128
20	4552538	chr20	4571892
20	4766010	chr20	4785364
20	4778517	chr20	4797871
20	4571695	chr20	4591049
20	4571240	chr20	4590594
20	4571004	chr20	4590358
20	4628930	chr20	4648284
20	4571478	chr20	4590832
20	4771643	chr20	4790997
20	4625900	chr20	4645254
20	4772356	chr20	4791710
20	4705756	chr20	4725110
20	4767976	chr20	4787330
20	4575350	chr20	4594704
20	4787696	chr20	4807050
20	4746387	chr20	4765741
20	4781015	chr20	4800369
20	4964516	chr20	4983870
20	4972688	chr20	4992042
20	4779609	chr20	4798963
20	4626022	chr20	4645376
20	4630743	chr20	4650097
20	4817968	chr20	4837322
20	4507971	chr20	4527325
20	4501802	chr20	4521156
20	4971825	chr20	4991179
20	4503419	chr20	4522773
20	4846787	chr20	4866141
20	4971886	chr20	4991240
20	4942474	chr20	4961828
20	4614769	chr20	4634123
20	4787035	chr20	4806389
20	4787024	chr20	4806378
20	4786866	chr20	4806220
20	4971299	chr20	4990653
20	4995760	chr20	5015114
20	4625447	chr20	4644801
20	4769374	chr20	4788728
20	4789865	chr20	4809219
20	4788130	chr20	4807484
20	4566547	chr20	4585901
20	4972062	chr20	4991416
20	4705865	chr20	4725219
20	4971502	chr20	4990856
20	4788084	chr20	4807438
20	4798828	chr20	4818182
20	4861939	chr20	4881293
20	4838577	chr20	4857931
20	4972509	chr20	4991863
20	4518696	chr20	4538050
20	4818831	chr20	4838185
20	4622950	chr20	4642304
20	4628926	chr20	4648280
20	4627325	chr20	4646679
20	4979886	chr20	4999240
20	4836041	chr20	4855395
20	4801989	chr20	4821343
20	4872252	chr20	4891606
20	4774171	chr20	4793525
20	4792262	chr20	4811616
20	4972112	chr20	4991466
20	4629270	chr20	4648624
20	4627381	chr20	4646735
20	4757661	chr20	4777015
20	4520282	chr20	4539636
20	4831502	chr20	4850856
20	4627297	chr20	4646651
20	4813888	chr20	4833242
20	4787677	chr20	4807031
20	4630068	chr20	4649422
20	4629799	chr20	4649153
20	4628834	chr20	4648188
20	4629946	chr20	4649300
20	4563033	chr20	4582387
20	4813056	chr20	4832410
20	4619165	chr20	4638519
20	4630233	chr20	4649587
20	4723852	chr20	4743206
20	4629616	chr20	4648970
20	4789908	chr20	4809262
20	4766567	chr20	4785921
20	4967393	chr20	4986747
20	4973446	chr20	4992800
20	4716907	chr20	4736261
20	4966941	chr20	4986295
20	4842360	chr20	4861714
20	4627584	chr20	4646938
20	4747096	chr20	4766450
20	4628133	chr20	4647487
20	4747113	chr20	4766467
20	4628245	chr20	4647599
20	4810981	chr20	4830335
20	4564464	chr20	4583818
20	4628366	chr20	4647720
20	4628434	chr20	4647788
20	4627600	chr20	4646954
20	4552573	chr20	4571927
20	4728098	chr20	4747452
20	4748025	chr20	4767379
20	4630610	chr20	4649964
20	4845425	chr20	4864779
20	4631506	chr20	4650860
20	4958064	chr20	4977418
20	4855812	chr20	4875166
20	4748076	chr20	4767430
20	4980740	chr20	5000094
20	4630998	chr20	4650352
20	4627208	chr20	4646562
20	4815346	chr20	4834700
20	4980505	chr20	4999859
20	4748696	chr20	4768050
20	4748759	chr20	4768113
20	4748898	chr20	4768252
20	4631693	chr20	4651047
20	4631253	chr20	4650607
20	4591715	chr20	4611069
20	4951928	chr20	4971282
20	4591644	chr20	4610998
20	4747495	chr20	4766849
20	4747266	chr20	4766620
20	4980952	chr20	5000306
20	4953175	chr20	4972529
20	4633398	chr20	4652752
20	4973740	chr20	4993094
20	4918817	chr20	4938171
20	4953167	chr20	4972521
20	4789911	chr20	4809265
20	4776320	chr20	4795674
20	4631539	chr20	4650893
20	4625814	chr20	4645168
20	4973456	chr20	4992810
20	4631475	chr20	4650829
20	4631559	chr20	4650913
20	4631387	chr20	4650741
20	4510389	chr20	4529743
20	4631705	chr20	4651059
20	4751487	chr20	4770841
20	4813678	chr20	4833032
20	4729746	chr20	4749100
20	4790574	chr20	4809928
20	4812666	chr20	4832020
20	4631819	chr20	4651173
20	4521596	chr20	4540950
20	4641835	chr20	4661189
20	4786196	chr20	4805550
20	4535285	chr20	4554639
20	4510873	chr20	4530227
20	4845609	chr20	4864963
20	4519484	chr20	4538838
20	4591626	chr20	4610980
20	4625323	chr20	4644677
20	4632086	chr20	4651440
20	4627069	chr20	4646423
20	4654376	chr20	4673730
20	4874205	chr20	4893559
20	4522559	chr20	4541913
20	4511021	chr20	4530375
20	4768503	chr20	4787857
20	4944263	chr20	4963617
20	4865181	chr20	4884535
20	4632285	chr20	4651639
20	4944510	chr20	4963864
20	4975304	chr20	4994658
20	4722448	chr20	4741802
20	4944442	chr20	4963796
20	4818545	chr20	4837899
20	4631984	chr20	4651338
20	4949523	chr20	4968877
20	4798452	chr20	4817806
20	4544193	chr20	4563547
20	4910521	chr20	4929875
20	4748141	chr20	4767495
20	4946170	chr20	4965524
20	4858000	chr20	4877354
20	4944880	chr20	4964234
20	4817596	chr20	4836950
20	4945432	chr20	4964786
20	4775904	chr20	4795258
20	4781496	chr20	4800850
20	4721767	chr20	4741121
20	4974106	chr20	4993460
20	4802986	chr20	4822340
20	4974601	chr20	4993955
20	4948435	chr20	4967789
20	4975431	chr20	4994785
20	4943441	chr20	4962795
20	4775862	chr20	4795216
20	4884728	chr20	4904082
20	4801260	chr20	4820614
20	4617391	chr20	4636745
20	4747590	chr20	4766944
20	4721688	chr20	4741042
20	4779537	chr20	4798891
20	4747598	chr20	4766952
20	4747618	chr20	4766972
20	4755403	chr20	4774757
20	4842776	chr20	4862130
20	4864134	chr20	4883488
20	4773338	chr20	4792692
20	4769265	chr20	4788619
20	4861257	chr20	4880611
20	4975407	chr20	4994761
20	4947637	chr20	4966991
20	4703067	chr20	4722421
20	4772645	chr20	4791999
20	4769897	chr20	4789251
20	4547056	chr20	4566410
20	4975805	chr20	4995159
20	4942600	chr20	4961954
20	4703120	chr20	4722474
20	4768136	chr20	4787490
20	4835354	chr20	4854708
20	4752179	chr20	4771533
20	4509405	chr20	4528759
20	4590920	chr20	4610274
20	4951359	chr20	4970713
20	4516195	chr20	4535549
20	4880308	chr20	4899662
20	4591642	chr20	4610996
20	4643777	chr20	4663131
20	4788171	chr20	4807525
20	4719839	chr20	4739193
20	4649270	chr20	4668624
20	4873619	chr20	4892973
20	4951215	chr20	4970569
20	4948389	chr20	4967743
20	4572985	chr20	4592339
20	4872877	chr20	4892231
20	4504965	chr20	4524319
20	4501965	chr20	4521319
20	4775639	chr20	4794993
20	4802006	chr20	4821360
20	4648813	chr20	4668167
20	4501875	chr20	4521229
20	4706310	chr20	4725664
20	4840853	chr20	4860207
20	4788715	chr20	4808069
20	4872867	chr20	4892221
20	4818622	chr20	4837976
20	4558638	chr20	4577992
20	4769796	chr20	4789150
20	4517709	chr20	4537063
20	4769794	chr20	4789148
20	4557889	chr20	4577243
20	4776764	chr20	4796118
20	4626878	chr20	4646232
20	4626821	chr20	4646175
20	4776718	chr20	4796072
20	4943695	chr20	4963049
20	4847535	chr20	4866889
20	4776299	chr20	4795653
20	4865602	chr20	4884956
20	4977788	chr20	4997142
20	4943696	chr20	4963050
20	4776298	chr20	4795652
20	4779700	chr20	4799054
20	4783952	chr20	4803306
20	4626234	chr20	4645588
20	4776387	chr20	4795741
20	4845554	chr20	4864908
20	4703380	chr20	4722734
20	4928686	chr20	4948040
20	4626472	chr20	4645826
20	4917985	chr20	4937339
20	4626310	chr20	4645664
20	4627633	chr20	4646987
20	4721533	chr20	4740887
20	4500104	chr20	4519457
20	4626714	chr20	4646068
20	4776445	chr20	4795799
20	4648484	chr20	4667838
20	4627709	chr20	4647063
20	4818350	chr20	4837704
20	4977465	chr20	4996819
20	4626489	chr20	4645843
20	4627692	chr20	4647046
